Id,DrawnNo1,DrawnNo2,DrawnNo3,DrawnNo4,DrawnNo5,DrawnNo6,XDrawnNo
2010127N,7,8,12,24,30,49,27
2010126N,8,9,17,31,36,47,46
2010125N,3,8,14,20,33,41,32
2010124N,1,28,33,41,42,45,8
2010123N,4,9,23,35,46,49,18
2010122N,2,20,29,38,39,43,37
2010121N,1,29,30,44,45,49,41
2010120N,4,7,10,26,42,47,13
2010119N,9,13,21,24,38,46,27
2010118N,22,37,41,42,44,45,27
2010117N,14,15,21,22,32,40,2
2010116N,5,6,8,16,29,31,12
2010115N,7,16,17,21,27,36,6
2010139N,3,14,16,19,45,48,9
2010138N,13,17,25,26,43,44,42
2010137N,17,22,28,31,39,45,8
2010136N,1,10,11,24,30,49,35
2010135N,3,6,9,29,30,33,14
2010134N,6,20,30,33,39,47,23
2010133N,3,12,20,39,46,49,19
2010132N,7,18,21,28,47,48,35
2010131N,5,6,15,28,29,43,48
2010130N,4,15,41,43,45,49,18
2010129N,5,9,25,27,33,44,17
2010128N,5,17,24,25,36,45,15
2010152N,4,13,18,20,36,39,12
2010151N,8,23,28,31,36,37,12
2010150N,1,2,4,13,43,48,11
2010149N,3,4,15,24,35,41,36
2010148N,4,5,12,16,18,41,7
2010147N,15,19,34,39,44,45,23
2010146N,12,13,18,19,27,29,10
2010145N,3,7,28,29,38,48,40
2010144N,15,18,22,24,27,30,10
2010143N,4,10,20,25,33,36,37
2010142N,12,13,18,20,28,48,14
2010141N,9,10,20,42,46,47,27
2010140N,6,11,17,31,40,41,34
2011013N,5,8,9,10,29,49,46
2011012N,1,6,14,25,29,35,48
2011011N,9,14,16,17,21,26,20
2011010N,1,15,30,39,45,49,37
2011009N,5,21,28,30,37,42,48
2011008N,9,15,21,31,33,41,37
2011007N,13,18,29,31,32,46,2
2011006N,17,19,25,36,40,44,10
2011005N,1,2,29,37,42,48,38
2011004N,10,12,18,21,27,33,4
2011003N,4,7,14,15,19,26,43
2011002N,4,9,16,20,38,39,40
2011001N,1,13,20,24,37,39,3
2011025N,1,24,28,33,37,47,49
2011024N,7,26,27,29,30,41,44
2011023N,3,8,21,22,28,48,5
2011022N,13,16,18,23,34,42,40
2011021N,9,24,25,30,35,37,45
2011020N,16,17,18,27,38,41,30
2011019N,10,13,20,24,37,47,16
2011018N,2,3,9,18,20,36,12
2011017N,11,21,27,28,32,34,17
2011016N,1,2,16,27,31,47,19
2011015N,6,8,10,28,36,37,21
2011014N,1,8,22,32,46,48,9
2011039N,6,23,24,38,39,40,32
2011038N,1,2,9,20,24,49,43
2011037N,2,12,20,25,31,47,29
2011036N,10,16,17,38,42,43,13
2011035N,18,24,26,34,38,45,15
2011034N,8,12,24,31,33,41,20
2011033N,4,5,23,31,39,48,20
2011032N,4,11,15,16,35,42,9
2011031N,6,14,26,27,30,43,21
2011030N,2,6,21,45,46,49,28
2011029N,4,15,23,33,37,47,22
2011028N,2,7,16,25,29,34,10
2011027N,8,9,13,17,33,49,30
2011026N,4,25,30,41,43,45,29
2011052N,9,10,23,29,30,34,36
2011051N,1,6,15,30,33,49,3
2011050N,11,15,25,29,30,49,47
2011049N,2,4,26,30,31,43,38
2011048N,1,6,9,10,22,26,35
2011047N,1,8,18,20,22,46,28
2011046N,1,16,17,26,31,36,45
2011045N,12,14,23,32,37,39,28
2011044N,2,4,9,12,21,31,10
2011043N,6,10,24,34,37,47,12
2011042N,1,5,21,26,31,43,22
2011041N,8,10,26,29,41,44,9
2011040N,3,12,15,31,36,49,11
2011064N,1,4,10,24,30,39,8
2011063N,7,13,34,38,43,44,10
2011062N,5,6,22,37,44,48,23
2011061N,11,20,31,33,39,48,4
2011060N,15,17,22,36,45,47,35
2011059N,13,15,18,30,32,48,8
2011058N,12,14,27,35,46,49,31
2011057N,4,10,15,22,33,35,48
2011056N,4,9,25,28,39,45,30
2011055N,10,14,26,29,39,41,6
2011054N,5,6,15,20,32,48,22
2011053N,2,3,13,23,34,38,5
2011077N,10,20,40,46,48,49,13
2011076N,4,15,17,43,45,47,38
2011075N,4,23,24,30,34,45,19
2011074N,2,15,27,32,43,49,42
2011073N,9,10,16,21,32,47,38
2011072N,14,16,38,44,48,49,39
2011071N,4,12,26,44,47,48,2
2011070N,12,13,19,22,39,48,46
2011069N,1,4,13,17,35,44,22
2011068N,3,5,6,15,39,42,35
2011067N,22,24,33,36,42,49,38
2011066N,7,8,33,36,46,49,18
2011065N,2,7,18,23,39,47,17
2011090N,6,29,44,45,46,47,30
2011089N,11,21,30,36,42,47,34
2011088N,15,25,26,34,35,41,10
2011087N,7,8,27,29,37,48,21
2011086N,6,18,26,28,30,49,22
2011085N,3,10,31,40,41,43,20
2011084N,11,17,20,31,48,49,35
2011083N,11,13,33,37,45,48,36
2011082N,16,18,28,33,41,45,29
2011081N,1,10,11,13,42,48,15
2011080N,10,14,29,35,40,46,30
2011079N,9,16,22,28,30,32,37
2011078N,5,13,31,33,34,35,27
2011103N,9,15,24,46,48,49,6
2011102N,9,10,19,27,29,45,30
2011101N,6,10,17,20,25,28,2
2011100N,11,24,25,36,41,45,40
2011099N,13,15,17,23,26,47,1
2011098N,5,14,17,43,45,49,12
2011097N,5,8,9,10,22,38,7
2011096N,11,18,23,31,37,49,10
2011095N,4,6,7,25,35,37,48
2011094N,5,6,11,25,45,48,34
2011093N,9,30,31,34,42,45,24
2011092N,2,11,25,32,34,39,31
2011091N,11,14,21,24,25,47,36
2011115N,4,22,23,37,40,49,13
2011114N,6,16,18,28,34,40,38
2011113N,8,10,19,27,39,44,6
2011112N,10,27,33,40,47,48,13
2011111N,6,12,14,25,35,43,42
2011110N,5,7,13,29,41,49,25
2011109N,11,13,16,19,28,46,22
2011108N,15,19,36,44,45,49,16
2011107N,14,18,22,30,39,44,32
2011106N,1,4,7,21,23,44,17
2011105N,4,18,21,22,39,46,29
2011104N,2,29,33,34,44,49,42
2011127N,5,12,15,17,18,39,47
2011126N,1,9,22,43,46,48,49
2011125N,17,22,26,27,29,35,44
2011124N,1,11,18,20,26,30,47
2011123N,2,16,23,32,34,35,40
2011122N,4,9,23,37,47,48,14
2011121N,11,24,28,37,41,43,13
2011120N,2,8,28,30,33,40,23
2011119N,2,6,22,25,33,39,46
2011118N,4,8,24,26,37,41,33
2011117N,1,4,9,15,37,39,47
2011116N,9,14,22,37,41,45,5
2011140N,3,6,13,37,40,42,29
2011139N,4,22,33,39,42,47,14
2011138N,3,5,19,35,38,41,32
2011137N,7,21,24,31,43,47,5
2011136N,10,12,13,14,22,47,21
2011135N,3,6,23,24,42,44,35
2011134N,7,11,14,25,26,30,29
2011133N,10,17,29,33,42,48,35
2011132N,4,7,9,20,37,49,33
2011131N,2,23,30,34,40,42,48
2011130N,1,3,7,11,16,34,49
2011129N,1,3,21,34,41,44,43
2011128N,8,15,19,21,24,44,10
2011154N,2,3,27,40,44,49,38
2011153N,7,10,21,23,29,39,1
2011152N,8,30,31,37,38,48,5
2011151N,1,4,17,24,27,43,41
2011150N,5,16,18,28,37,49,24
2011149N,26,29,31,37,43,49,2
2011148N,1,2,23,35,38,46,5
2011147N,9,21,29,34,43,47,32
2011146N,3,25,32,36,38,40,31
2011145N,3,14,21,25,27,42,34
2011144N,5,20,22,28,36,48,1
2011143N,1,2,5,6,11,43,25
2011142N,2,3,9,18,23,37,31
2011141N,1,3,8,22,28,33,5
2012011N,22,27,28,29,42,46,49
2012010N,3,10,11,17,29,34,15
2012009N,10,14,18,20,34,47,41
2012008N,1,2,14,18,25,39,31
2012007N,16,23,24,35,36,44,1
2012006N,10,13,20,24,29,36,14
2012005N,15,27,32,36,44,48,47
2012004N,3,20,26,31,32,35,12
2012003N,3,7,10,31,32,35,30
2012002N,9,11,33,43,46,48,2
2012001N,5,12,31,34,37,45,10
2012023N,8,9,24,28,37,49,47
2012022N,12,14,24,26,27,49,22
2012021N,1,5,15,22,43,47,37
2012020N,1,11,12,15,35,49,17
2012019N,5,12,16,17,41,46,15
2012018N,4,12,18,25,42,44,8
2012017N,10,14,21,37,39,49,25
2012016N,7,9,33,34,39,41,48
2012015N,3,12,20,33,34,41,43
2012014N,11,16,30,34,41,45,47
2012013N,6,12,16,20,27,38,7
2012012N,14,20,21,38,45,46,47
2012037N,11,19,30,33,37,44,18
2012036N,10,16,21,28,29,31,8
2012035N,2,7,17,25,30,43,38
2012034N,3,23,32,35,43,49,34
2012033N,2,35,38,47,48,49,41
2012032N,11,13,18,29,44,46,37
2012031N,4,6,13,18,23,45,15
2012030N,4,28,31,34,48,49,6
2012029N,7,8,26,43,47,48,12
2012028N,10,23,33,39,42,48,34
2012027N,3,5,9,17,35,36,43
2012026N,3,7,28,31,33,36,32
2012025N,1,3,4,8,21,28,5
2012024N,25,30,31,34,40,47,13
2012049N,11,17,19,20,29,32,38
2012048N,7,10,11,17,22,30,14
2012047N,1,17,28,29,31,34,45
2012046N,1,3,11,21,41,42,2
2012045N,5,12,13,20,37,41,23
2012044N,6,7,17,19,35,46,4
2012043N,3,15,19,20,32,40,25
2012042N,2,11,16,17,25,28,41
2012041N,4,11,16,26,42,47,6
2012040N,3,14,22,24,34,49,44
2012039N,13,15,17,18,41,45,14
2012038N,20,21,28,44,46,47,42
2012063N,4,9,24,31,39,47,38
2012062N,8,18,20,22,31,37,46
2012061N,9,10,20,22,38,49,7
2012060N,2,5,8,29,40,47,34
2012059N,1,8,22,26,32,37,41
2012058N,3,17,23,26,41,47,33
2012057N,1,10,15,21,27,37,40
2012056N,5,14,16,22,23,33,32
2012055N,16,21,30,34,39,45,4
2012054N,13,17,23,32,34,46,41
2012053N,4,9,10,17,33,34,35
2012052N,4,11,17,29,39,49,8
2012051N,2,20,28,46,47,49,3
2012050N,5,17,19,26,32,33,22
2012075N,10,13,28,32,37,41,1
2012074N,3,6,14,19,27,36,24
2012073N,6,19,26,28,37,49,47
2012072N,9,14,17,34,40,48,39
2012071N,2,5,8,13,17,35,28
2012070N,10,13,26,40,42,48,24
2012069N,2,4,6,7,13,29,9
2012068N,7,14,16,25,30,36,32
2012067N,8,15,18,37,39,44,6
2012066N,4,17,20,29,39,48,9
2012065N,10,21,26,34,35,43,37
2012064N,9,14,19,20,43,47,37
2012088N,2,10,16,23,35,47,1
2012087N,18,25,38,40,44,45,5
2012086N,9,11,13,22,24,44,32
2012085N,10,11,15,22,23,45,31
2012084N,7,19,23,30,34,45,13
2012083N,9,20,30,34,35,46,29
2012082N,8,11,17,24,30,49,3
2012081N,2,6,16,24,41,46,27
2012080N,2,13,33,39,40,44,43
2012079N,4,7,13,28,36,49,3
2012078N,1,4,5,22,44,46,37
2012077N,2,3,11,24,26,27,44
2012076N,6,10,12,14,31,38,20
2012101N,7,11,15,21,26,34,38
2012100N,7,17,24,29,47,49,45
2012099N,3,7,21,22,38,47,27
2012098N,13,15,25,28,45,47,5
2012097N,1,7,12,17,36,38,48
2012096N,7,10,22,32,34,48,45
2012095N,5,6,13,19,23,34,8
2012094N,2,13,16,34,37,47,28
2012093N,5,11,12,31,41,42,16
2012092N,10,13,20,22,42,46,48
2012091N,2,9,13,40,44,46,10
2012090N,8,15,20,41,42,49,12
2012089N,9,11,12,22,28,49,7
2012113N,2,8,16,17,20,26,32
2012112N,1,3,10,15,17,40,28
2012111N,1,4,17,20,28,32,47
2012110N,2,13,33,35,38,49,40
2012109N,15,26,27,38,42,43,39
2012108N,6,7,18,21,27,48,42
2012107N,16,20,22,31,42,48,43
2012106N,4,11,25,27,39,41,43
2012105N,4,7,12,15,27,34,37
2012104N,6,13,33,38,41,43,29
2012103N,20,24,34,36,43,45,3
2012102N,9,12,15,19,21,47,38
2012125N,1,20,28,30,34,40,19
2012124N,26,28,30,34,36,39,1
2012123N,8,17,23,40,41,43,28
2012122N,11,28,29,41,45,47,21
2012121N,4,19,31,34,37,44,6
2012120N,4,6,10,14,16,29,26
2012119N,9,17,27,35,39,44,40
2012118N,5,6,11,26,33,41,4
2012117N,1,3,11,18,40,46,35
2012116N,15,17,21,22,27,36,16
2012115N,1,10,12,13,29,47,9
2012114N,12,24,25,33,37,44,13
2012138N,13,17,26,28,32,34,6
2012137N,8,20,21,24,34,47,10
2012136N,2,3,4,15,23,40,13
2012135N,9,22,26,30,44,49,31
2012134N,2,11,20,37,45,47,13
2012133N,7,12,24,39,43,48,30
2012132N,18,20,36,41,46,48,21
2012131N,3,5,25,26,29,30,31
2012130N,9,26,28,35,45,47,25
2012129N,15,26,31,37,44,47,43
2012128N,1,6,8,28,37,39,42
2012127N,1,12,33,36,46,48,41
2012126N,15,18,24,28,34,42,2
2012152N,5,6,25,30,32,48,45
2012151N,1,6,9,11,33,39,40
2012150N,4,7,29,39,44,47,23
2012149N,12,18,23,24,46,49,14
2012148N,9,27,28,32,34,43,2
2012147N,4,12,25,34,36,40,49
2012146N,8,14,21,41,45,48,34
2012145N,18,21,28,33,41,47,48
2012144N,6,9,29,31,42,47,14
2012143N,2,15,28,41,42,49,24
2012142N,15,22,30,33,34,47,38
2012141N,1,6,38,41,43,45,48
2012140N,7,10,11,18,37,47,4
2012139N,10,16,17,27,36,38,47
2013012N,16,22,27,35,38,46,32
2013011N,8,20,26,36,44,47,28
2013010N,2,29,41,42,45,48,5
2013009N,1,2,3,9,20,49,24
2013008N,2,4,20,22,30,37,1
2013007N,3,12,19,21,31,48,26
2013006N,2,8,14,25,43,44,11
2013005N,3,4,7,24,27,31,13
2013004N,3,6,19,21,31,49,7
2013003N,2,9,24,34,41,45,48
2013002N,14,19,20,21,29,49,7
2013001N,17,25,32,33,46,48,39
2013023N,10,11,23,26,28,30,17
2013022N,1,4,15,16,18,36,21
2013021N,12,19,23,30,35,36,15
2013020N,11,14,21,22,32,49,7
2013019N,5,18,19,32,40,44,34
2013018N,3,12,30,35,37,38,18
2013017N,11,16,24,27,36,48,47
2013016N,4,8,10,35,46,47,32
2013015N,3,8,12,18,22,33,37
2013014N,5,19,31,32,34,45,13
2013013N,2,17,23,39,47,48,22
2013036N,4,6,19,25,34,43,17
2013035N,12,17,31,38,44,45,43
2013034N,10,15,26,35,40,44,11
2013033N,6,9,17,25,33,42,27
2013032N,1,4,13,22,39,42,34
2013031N,3,12,15,28,29,34,8
2013030N,6,9,31,41,45,47,18
2013029N,3,4,15,16,17,46,12
2013028N,13,15,17,30,38,45,4
2013027N,9,18,24,34,40,43,28
2013026N,8,9,24,35,39,41,2
2013025N,4,6,8,35,36,43,5
2013024N,7,8,26,31,35,39,37
2013049N,4,18,24,30,31,49,36
2013048N,4,7,16,23,26,28,9
2013047N,14,15,17,22,38,48,19
2013046N,7,20,23,29,35,41,6
2013045N,9,10,15,33,40,49,48
2013044N,4,5,14,17,22,39,9
2013043N,11,15,21,27,38,43,48
2013042N,8,16,29,40,46,47,18
2013041N,11,18,20,24,29,49,2
2013040N,2,3,25,28,35,43,39
2013039N,10,12,16,29,41,48,25
2013038N,2,7,11,15,17,27,4
2013037N,2,4,9,31,33,46,5
2013062N,15,17,22,27,36,46,23
2013061N,1,4,5,6,9,25,27
2013060N,3,8,10,25,26,40,38
2013059N,12,24,27,45,47,49,6
2013058N,11,12,16,18,23,31,36
2013057N,4,14,24,30,43,48,34
2013056N,7,18,27,32,42,48,17
2013055N,2,11,16,19,44,47,27
2013054N,1,6,11,16,20,25,22
2013053N,12,14,15,16,22,34,13
2013052N,5,9,14,24,29,37,36
2013051N,1,10,29,40,44,49,33
2013050N,1,5,28,31,44,46,14
2013075N,1,3,4,26,34,37,14
2013074N,16,34,37,42,47,48,17
2013073N,17,20,29,35,38,40,22
2013072N,23,25,34,40,42,46,39
2013071N,11,14,16,29,31,46,30
2013070N,9,22,23,31,45,47,39
2013069N,9,14,27,29,42,45,44
2013068N,3,11,26,32,35,43,1
2013067N,1,14,21,35,39,40,5
2013066N,15,18,22,24,42,44,28
2013065N,10,16,20,28,32,48,30
2013064N,9,17,26,36,40,48,2
2013063N,1,23,27,36,45,49,7
2013087N,8,12,31,33,42,44,49
2013086N,1,3,7,22,28,36,21
2013085N,20,23,27,32,34,49,30
2013084N,6,8,17,22,28,32,20
2013083N,3,17,20,26,33,47,34
2013082N,14,18,28,32,36,46,44
2013081N,3,18,19,20,37,47,25
2013080N,7,14,18,23,32,46,42
2013079N,14,26,28,38,39,45,8
2013078N,1,4,15,38,40,46,49
2013077N,6,9,27,29,43,47,17
2013076N,7,19,28,33,43,45,13
2013101N,3,6,17,18,42,43,36
2013100N,24,25,28,35,38,47,16
2013099N,9,14,29,30,32,36,20
2013098N,3,6,10,14,15,20,33
2013097N,1,16,25,33,41,49,46
2013096N,13,14,15,31,46,48,36
2013095N,9,14,30,31,32,49,1
2013094N,10,16,22,26,31,42,23
2013093N,1,6,31,41,42,49,44
2013092N,3,10,20,30,41,44,31
2013091N,13,15,23,25,26,29,9
2013090N,4,11,15,19,32,44,42
2013089N,5,6,12,23,38,39,48
2013088N,6,8,10,19,20,22,42
2013114N,1,11,29,40,43,44,4
2013113N,33,39,40,43,48,49,34
2013112N,3,6,7,9,11,28,34
2013111N,13,25,26,29,30,39,19
2013110N,22,25,35,36,39,47,31
2013109N,3,15,18,26,45,49,41
2013108N,17,22,31,39,45,47,49
2013107N,6,21,29,39,40,47,33
2013106N,1,14,26,28,31,48,36
2013105N,8,12,19,39,48,49,17
2013104N,7,10,17,18,28,30,6
2013103N,1,7,22,28,29,49,37
2013102N,21,25,26,33,35,39,17
2013127N,2,9,29,43,46,47,21
2013126N,1,20,22,25,34,47,17
2013125N,6,15,30,38,47,48,40
2013124N,9,10,22,24,43,44,30
2013123N,5,9,34,36,41,49,26
2013122N,1,10,31,41,44,47,18
2013121N,1,11,24,35,44,45,49
2013120N,4,20,27,33,41,46,12
2013119N,24,28,35,37,42,48,38
2013118N,8,9,11,16,17,38,20
2013117N,1,3,6,7,15,27,30
2013116N,4,6,9,29,31,36,20
2013115N,14,17,26,32,35,41,15
2013140N,2,15,19,34,42,45,14
2013139N,3,6,21,33,34,43,9
2013138N,9,10,12,31,34,44,18
2013137N,3,18,20,21,30,41,13
2013136N,3,6,8,23,25,49,4
2013135N,12,27,35,44,47,49,36
2013134N,1,8,17,32,39,43,48
2013133N,3,8,10,25,29,34,32
2013132N,18,19,21,28,47,49,46
2013131N,13,31,32,35,39,42,16
2013130N,4,9,14,26,30,42,21
2013129N,4,22,25,37,38,42,20
2013128N,8,18,19,29,31,34,36
2013152N,7,9,12,40,42,44,14
2013151N,4,9,20,32,42,43,5
2013150N,4,21,25,45,47,49,6
2013149N,12,13,18,41,43,49,39
2013148N,4,14,31,39,43,47,27
2013147N,1,8,15,19,20,33,47
2013146N,6,14,15,38,46,49,29
2013145N,10,19,24,28,31,34,27
2013144N,1,8,17,30,36,46,16
2013143N,5,18,24,26,41,44,20
2013142N,1,16,17,19,26,46,29
2013141N,1,17,24,29,39,40,21
2014013N,2,3,4,16,26,36,45
2014012N,4,20,27,30,31,37,18
2014011N,5,20,37,38,43,48,6
2014010N,4,5,18,21,27,31,7
2014009N,8,20,23,34,37,49,44
2014008N,3,17,18,26,28,44,38
2014007N,9,15,16,17,18,37,33
2014006N,9,11,27,31,33,34,21
2014005N,3,16,36,39,42,44,17
2014004N,4,15,16,28,39,45,25
2014003N,9,16,30,31,38,41,46
2014002N,6,16,31,32,44,49,43
2014001N,1,36,38,43,46,49,21
2014024N,5,9,15,24,28,35,44
2014023N,8,26,39,40,41,43,5
2014022N,2,23,24,29,33,35,14
2014021N,3,5,24,26,31,40,45
2014020N,15,21,23,25,34,45,35
2014019N,2,14,30,32,36,45,11
2014018N,19,23,25,40,46,49,30
2014017N,7,10,24,25,27,29,19
2014016N,20,21,35,37,47,48,14
2014015N,26,27,32,33,37,45,39
2014014N,11,13,15,39,48,49,37
2014037N,2,10,12,18,24,33,11
2014036N,7,23,35,42,45,49,36
2014035N,22,28,35,36,44,45,6
2014034N,11,20,21,26,34,49,4
2014033N,1,9,18,25,37,48,14
2014032N,2,17,23,35,42,48,27
2014031N,2,15,21,24,29,46,27
2014030N,7,10,17,19,20,22,30
2014029N,4,6,15,28,30,33,27
2014028N,2,3,16,17,24,32,40
2014027N,6,10,20,27,39,46,38
2014026N,3,13,16,19,27,33,22
2014025N,11,16,19,21,38,46,34
2014050N,2,8,15,26,37,45,14
2014049N,9,12,22,27,36,47,46
2014048N,1,17,28,32,39,40,16
2014047N,1,3,12,29,36,41,14
2014046N,20,21,32,35,46,47,3
2014045N,12,14,17,23,24,45,42
2014044N,6,14,16,28,41,45,27
2014043N,6,18,20,28,43,45,13
2014042N,4,18,21,31,42,49,25
2014041N,11,24,31,45,46,47,6
2014040N,10,19,38,39,44,45,31
2014039N,4,9,25,26,27,28,3
2014038N,22,33,36,43,48,49,25
2014064N,2,10,28,32,37,47,31
2014063N,4,14,19,24,26,48,35
2014062N,3,10,16,30,34,44,1
2014061N,2,4,14,30,39,41,49
2014060N,9,17,28,31,35,37,19
2014059N,10,16,33,34,44,47,6
2014058N,9,12,21,27,37,45,7
2014057N,9,12,16,24,34,35,7
2014056N,9,20,22,32,35,41,8
2014055N,11,16,26,38,45,49,5
2014054N,2,10,12,30,37,39,48
2014053N,10,23,33,36,39,44,30
2014052N,2,6,13,16,30,36,25
2014051N,1,14,28,29,37,43,30
2014075N,15,23,26,38,46,47,21
2014074N,2,20,40,42,47,48,28
2014073N,18,24,25,30,31,35,36
2014072N,2,17,37,40,45,49,48
2014071N,3,17,24,30,31,44,7
2014070N,3,4,15,16,23,45,21
2014069N,3,18,21,41,44,45,15
2014068N,1,30,32,35,37,44,40
2014067N,4,8,13,19,44,48,27
2014066N,10,11,25,33,40,46,6
2014065N,3,13,19,20,36,39,15
2014088N,12,22,27,35,44,48,38
2014087N,11,13,15,31,37,47,19
2014086N,1,4,15,17,36,42,40
2014085N,4,5,21,31,36,38,14
2014084N,1,3,14,16,24,41,13
2014083N,1,9,30,40,41,48,49
2014082N,1,20,28,30,42,43,10
2014081N,2,5,9,32,41,42,44
2014080N,3,11,13,23,40,49,43
2014079N,1,2,9,17,22,25,8
2014078N,4,16,22,27,38,39,36
2014077N,10,14,32,36,37,38,47
2014076N,14,17,34,37,43,48,20
2014101N,15,18,24,27,39,49,6
2014100N,11,17,24,27,31,38,49
2014099N,25,29,32,33,37,44,47
2014098N,4,12,14,24,32,38,13
2014097N,10,14,26,29,30,31,18
2014096N,2,5,27,32,42,46,16
2014095N,23,26,27,37,42,46,15
2014094N,4,8,14,23,48,49,11
2014093N,7,9,27,31,36,39,32
2014092N,1,9,15,31,33,41,37
2014091N,5,14,31,32,36,46,11
2014090N,5,7,8,18,24,29,14
2014089N,3,22,23,26,42,48,28
2014112N,10,16,20,39,45,46,47
2014111N,6,10,12,26,28,35,24
2014110N,3,19,42,44,48,49,38
2014109N,12,13,20,28,41,43,23
2014108N,3,16,32,38,40,48,27
2014107N,6,16,20,25,27,45,29
2014106N,4,15,17,22,34,43,35
2014105N,3,12,40,43,48,49,32
2014104N,7,25,27,36,39,42,31
2014103N,11,14,34,36,43,46,1
2014102N,26,28,37,43,45,47,25
2014125N,3,19,29,36,47,49,33
2014124N,16,26,30,37,43,47,31
2014123N,1,13,39,40,41,43,18
2014122N,11,14,28,29,37,41,19
2014121N,6,9,17,18,29,34,42
2014120N,12,19,22,36,40,47,25
2014119N,4,9,34,39,48,49,18
2014118N,1,5,8,17,20,37,33
2014117N,26,29,34,35,37,47,8
2014116N,2,12,14,23,40,46,39
2014115N,12,13,26,33,42,49,48
2014114N,5,14,22,24,27,45,8
2014113N,4,10,24,29,33,35,7
2014138N,7,26,29,32,33,37,31
2014137N,2,20,22,30,40,45,44
2014136N,6,35,41,42,44,47,19
2014135N,2,12,17,27,32,33,44
2014134N,8,16,19,33,35,46,12
2014133N,2,6,17,24,37,49,46
2014132N,7,15,32,33,34,43,10
2014131N,21,36,41,42,46,49,6
2014130N,3,5,9,19,48,49,26
2014129N,7,8,15,32,34,39,43
2014128N,4,10,12,14,29,48,3
2014127N,16,23,29,30,37,38,33
2014126N,9,10,11,20,26,44,31
2014152N,10,19,25,32,33,37,27
2014151N,1,25,30,33,39,40,7
2014150N,14,15,28,31,32,48,40
2014149N,12,19,24,43,46,47,30
2014148N,1,4,12,14,35,47,33
2014147N,2,25,30,36,37,43,22
2014146N,6,8,10,21,25,29,33
2014145N,1,7,14,31,34,42,16
2014144N,12,14,17,20,40,48,19
2014143N,1,7,13,32,35,39,31
2014142N,3,4,13,29,31,41,46
2014141N,17,18,21,25,40,48,16
2014140N,1,8,20,27,33,36,35
2014139N,1,4,13,27,47,49,33
2015013N,5,7,14,17,46,47,27
2015012N,6,15,25,29,32,46,9
2015011N,4,5,10,13,28,35,12
2015010N,17,18,20,26,31,32,6
2015009N,8,16,21,30,42,46,32
2015008N,5,7,9,13,15,29,47
2015007N,14,15,16,25,27,30,11
2015006N,1,2,14,37,43,49,24
2015005N,16,21,27,37,40,43,14
2015004N,10,21,24,33,40,47,5
2015003N,8,18,19,28,37,44,13
2015002N,3,14,16,18,38,49,29
2015001N,8,15,31,35,42,44,39
2015024N,6,9,23,25,41,43,38
2015023N,10,12,20,22,25,33,27
2015022N,17,18,28,32,33,48,37
2015021N,15,20,28,29,42,46,35
2015020N,14,22,28,33,44,46,25
2015019N,2,10,12,21,25,35,26
2015018N,7,9,10,14,22,31,35
2015017N,2,17,23,30,34,41,14
2015016N,5,7,17,18,27,48,30
2015015N,13,16,17,18,22,45,10
2015014N,11,34,36,43,47,49,21
2015037N,2,5,10,27,36,46,7
2015036N,6,11,16,29,30,37,34
2015035N,2,6,9,16,39,49,29
2015034N,2,5,13,37,42,44,27
2015033N,7,26,30,33,34,38,5
2015032N,12,15,17,30,31,43,46
2015031N,1,5,11,23,34,47,14
2015030N,4,21,25,29,32,37,27
2015029N,14,17,23,24,25,37,34
2015028N,1,18,22,27,45,48,25
2015027N,6,8,12,16,32,49,37
2015026N,2,6,10,20,38,40,46
2015025N,13,17,25,27,46,49,19
2015050N,6,8,30,34,36,42,12
2015049N,1,8,28,31,36,45,9
2015048N,12,19,21,24,36,49,23
2015047N,3,4,7,8,26,36,31
2015046N,3,13,20,24,43,48,49
2015045N,12,17,29,31,41,47,38
2015044N,1,3,5,20,35,39,28
2015043N,30,31,35,40,42,48,6
2015042N,6,17,18,19,20,42,25
2015041N,10,11,31,34,37,38,14
2015040N,21,24,26,42,43,46,4
2015039N,9,12,26,29,44,45,19
2015038N,4,12,20,37,42,47,35
2015063N,9,16,28,36,42,45,2
2015062N,2,7,20,23,44,47,30
2015061N,7,10,15,37,42,45,41
2015060N,5,10,13,43,44,45,7
2015059N,16,18,19,36,42,47,46
2015058N,21,27,28,33,37,48,13
2015057N,21,32,36,37,44,46,47
2015056N,5,17,22,34,38,48,2
2015055N,3,7,15,25,26,47,10
2015054N,2,13,15,38,39,44,8
2015053N,3,7,14,21,25,29,6
2015052N,11,13,41,42,43,49,29
2015051N,7,10,12,16,26,49,40
2015076N,12,14,21,27,38,43,15
2015075N,8,9,18,33,41,43,15
2015074N,1,5,26,28,40,49,15
2015073N,3,10,26,33,42,46,44
2015072N,12,16,31,34,42,48,37
2015071N,4,11,12,24,35,46,3
2015070N,13,16,24,26,40,44,42
2015069N,10,12,24,25,26,33,23
2015068N,10,13,35,38,42,44,27
2015067N,7,12,16,17,20,25,31
2015066N,9,11,14,22,27,49,44
2015065N,18,24,28,31,39,49,44
2015064N,11,12,15,21,38,42,25
2015088N,4,5,11,17,24,48,46
2015087N,12,25,32,33,34,35,45
2015086N,4,11,15,26,28,30,13
2015085N,10,33,40,43,45,49,38
2015084N,4,14,15,19,41,42,10
2015083N,13,20,23,24,46,47,39
2015082N,16,18,22,23,35,38,25
2015081N,7,8,10,13,20,38,5
2015080N,2,5,17,22,27,28,37
2015079N,9,19,28,29,38,40,33
2015078N,9,24,32,34,43,47,35
2015077N,4,11,23,32,44,48,49
2015101N,9,22,28,32,37,39,47
2015100N,9,13,29,30,39,45,48
2015099N,3,15,16,39,41,42,36
2015098N,2,26,31,32,36,37,12
2015097N,4,5,18,23,32,44,6
2015096N,7,17,34,41,43,49,1
2015095N,2,6,13,25,30,33,20
2015094N,1,4,8,21,22,24,46
2015093N,22,26,27,28,36,47,12
2015092N,10,12,19,25,42,46,37
2015091N,22,23,35,40,41,42,16
2015090N,5,9,13,15,21,23,12
2015089N,14,20,28,31,32,47,18
2015113N,9,10,23,28,37,46,34
2015112N,6,15,16,18,37,43,2
2015111N,4,10,15,16,24,28,49
2015110N,2,11,12,25,36,43,10
2015109N,1,4,9,17,35,41,37
2015108N,3,5,17,22,25,27,46
2015107N,5,13,21,25,38,40,17
2015106N,1,11,13,23,35,36,34
2015105N,1,4,13,22,32,41,26
2015104N,15,16,20,26,36,40,46
2015103N,12,16,34,36,42,45,41
2015102N,5,6,8,10,31,36,17
2015126N,4,10,28,37,42,48,8
2015125N,4,5,6,22,31,46,47
2015124N,20,22,31,33,39,44,10
2015123N,18,27,28,34,35,45,2
2015122N,1,14,16,25,40,48,17
2015121N,7,11,15,38,39,46,25
2015120N,2,12,19,33,34,48,24
2015119N,17,18,26,30,33,34,29
2015118N,1,4,22,30,33,34,26
2015117N,4,21,22,35,36,46,40
2015116N,8,17,28,34,39,40,14
2015115N,2,7,9,22,32,46,26
2015114N,8,10,16,30,39,40,6
2015138N,15,21,24,25,28,31,48
2015137N,10,17,25,26,39,44,7
2015136N,17,21,22,36,41,44,38
2015135N,9,20,30,33,38,39,37
2015134N,13,15,25,40,41,48,19
2015133N,12,13,31,33,35,47,21
2015132N,13,15,24,28,41,45,20
2015131N,10,20,24,28,33,45,19
2015130N,4,14,28,42,43,47,3
2015129N,6,16,27,34,44,48,1
2015128N,5,10,11,25,27,44,7
2015127N,7,12,13,25,34,38,15
2015152N,2,11,12,22,24,25,3
2015151N,3,5,20,30,33,38,28
2015150N,1,8,33,37,42,47,7
2015149N,12,18,20,28,33,47,25
2015148N,11,28,36,38,44,48,26
2015147N,6,11,16,20,43,45,21
2015146N,18,20,24,36,44,45,39
2015145N,18,22,40,41,48,49,42
2015144N,16,18,27,35,42,44,33
2015143N,9,24,29,32,34,47,42
2015142N,9,10,25,40,48,49,32
2015141N,6,16,19,34,35,46,9
2015140N,4,11,14,41,42,44,10
2015139N,8,9,10,22,33,40,28
2016013N,1,5,29,32,39,44,4
2016012N,8,20,30,34,42,48,36
2016011N,5,9,22,26,27,40,13
2016010N,7,8,12,14,23,32,5
2016009N,2,12,33,40,45,47,9
2016008N,8,18,20,25,30,39,13
2016007N,1,2,6,37,40,43,24
2016006N,1,2,10,23,32,49,26
2016005N,8,13,15,35,44,45,47
2016004N,4,8,15,18,30,45,38
2016003N,6,9,11,29,43,47,8
2016002N,2,5,7,18,30,45,11
2016001N,6,8,11,32,34,41,47
2016024N,6,9,11,20,27,44,42
2016023N,3,6,22,24,45,47,7
2016022N,9,15,24,27,44,45,47
2016021N,12,20,39,44,47,49,45
2016020N,13,20,38,39,41,45,46
2016019N,18,21,22,34,42,43,24
2016018N,8,14,24,29,36,43,31
2016017N,3,4,17,30,35,47,10
2016016N,11,13,15,19,21,29,41
2016015N,7,13,15,35,38,45,32
2016014N,18,28,30,33,34,36,2
2016037N,9,12,13,22,30,31,28
2016036N,17,24,38,44,46,47,27
2016035N,16,18,21,25,35,46,13
2016034N,5,10,18,24,27,49,39
2016033N,23,25,35,39,42,43,14
2016032N,3,8,15,16,17,38,35
2016031N,1,6,19,26,28,41,39
2016030N,3,23,33,36,41,49,2
2016029N,9,14,24,30,33,48,43
2016028N,3,4,16,30,34,39,14
2016027N,17,26,29,32,48,49,40
2016026N,1,2,5,7,16,45,33
2016025N,11,16,19,21,30,33,31
2016049N,11,20,28,29,44,49,40
2016048N,1,3,25,27,28,45,12
2016047N,2,10,16,35,46,47,49
2016046N,3,5,14,15,39,41,21
2016045N,5,8,30,34,45,48,3
2016044N,16,24,28,35,45,46,38
2016043N,14,21,25,27,44,46,3
2016042N,21,25,28,33,46,48,10
2016041N,3,6,13,38,43,44,31
2016040N,8,21,25,32,34,45,31
2016039N,4,10,21,30,35,43,7
2016038N,4,6,29,34,36,45,47
2016060N,21,24,36,38,39,44,49
2016059N,21,23,32,33,36,42,20
2016058N,9,15,36,38,46,48,22
2016057N,14,18,33,34,35,46,42
2016056N,6,13,23,25,44,48,11
2016055N,2,8,20,24,37,39,18
2016054N,1,19,23,24,32,40,35
2016053N,2,11,25,28,36,46,42
2016052N,4,12,19,20,27,49,21
2016051N,20,26,28,32,40,45,43
2016050N,6,7,12,15,27,36,29
2016073N,2,5,6,7,16,29,35
2016072N,7,13,23,30,32,48,36
2016071N,10,15,22,38,42,43,18
2016070N,6,9,21,35,48,49,29
2016069N,9,10,20,21,38,39,49
2016068N,4,5,8,12,34,37,24
2016067N,19,22,27,29,45,48,4
2016066N,13,15,30,36,44,49,37
2016065N,10,14,23,29,40,42,11
2016064N,4,13,34,36,42,48,19
2016063N,2,5,8,12,20,49,47
2016062N,8,16,21,32,38,48,11
2016061N,3,4,19,24,26,34,38
2016086N,9,21,29,33,35,48,28
2016085N,12,20,24,35,39,47,15
2016084N,3,14,17,21,28,49,12
2016083N,11,18,26,31,39,44,24
2016082N,10,11,22,41,44,46,35
2016081N,7,21,27,33,46,47,4
2016080N,1,2,7,16,24,34,36
2016079N,16,21,30,36,38,47,48
2016078N,12,20,31,32,35,45,18
2016077N,7,19,20,28,30,31,29
2016076N,13,14,21,31,38,44,22
2016075N,1,6,13,17,34,44,38
2016074N,2,8,16,32,33,37,5
2016099N,14,20,21,31,34,42,25
2016098N,3,6,13,24,37,43,30
2016097N,4,20,34,35,40,47,3
2016096N,14,16,24,25,43,44,3
2016095N,2,3,15,28,46,48,33
2016094N,3,17,20,22,45,46,30
2016093N,5,12,14,20,27,46,26
2016092N,3,4,11,23,44,47,24
2016091N,10,11,19,23,30,38,13
2016090N,5,9,13,22,34,39,40
2016089N,2,17,23,32,36,40,3
2016088N,10,16,34,41,45,47,7
2016087N,7,11,12,19,21,39,49
2016112N,14,20,28,33,41,48,40
2016111N,12,16,19,23,28,32,27
2016110N,1,17,20,34,43,44,42
2016109N,5,30,38,43,44,47,14
2016108N,4,16,19,27,41,44,25
2016107N,3,18,21,25,31,42,26
2016106N,24,25,34,35,44,49,30
2016105N,1,13,19,21,38,49,23
2016104N,7,16,32,37,38,46,22
2016103N,3,4,5,26,45,48,14
2016102N,11,15,33,41,43,48,27
2016101N,8,25,26,28,38,43,22
2016100N,8,11,13,30,34,49,2
2016125N,22,26,32,38,43,47,42
2016124N,8,16,17,34,35,44,41
2016123N,7,8,12,17,22,29,14
2016122N,3,12,13,20,33,43,35
2016121N,2,4,7,15,28,45,19
2016120N,8,27,28,30,38,41,12
2016119N,7,12,18,27,28,40,10
2016118N,2,9,16,27,32,40,46
2016117N,16,19,24,28,36,42,13
2016116N,12,26,28,36,45,49,9
2016115N,5,11,13,19,33,48,34
2016114N,2,6,10,28,38,40,30
2016113N,7,8,21,22,34,46,6
2016138N,4,11,18,22,24,49,25
2016137N,1,2,3,4,7,10,33
2016136N,3,9,24,31,38,49,41
2016135N,12,13,16,18,38,40,5
2016134N,2,6,23,24,37,42,32
2016133N,5,18,26,28,30,45,33
2016132N,10,15,17,18,27,40,26
2016131N,2,16,27,29,34,41,42
2016130N,3,17,38,39,46,49,37
2016129N,3,5,6,11,34,42,28
2016128N,9,12,31,39,42,46,48
2016127N,6,14,18,22,30,38,47
2016126N,1,2,21,31,33,36,8
2016151N,8,9,12,15,17,28,33
2016150N,2,11,13,15,17,21,26
2016149N,3,4,10,26,37,43,41
2016148N,4,14,16,25,32,35,47
2016147N,5,28,32,34,37,48,39
2016146N,3,10,21,26,28,38,29
2016145N,15,19,20,32,33,34,23
2016144N,7,14,26,31,38,44,37
2016143N,7,22,32,33,34,39,45
2016142N,9,24,26,28,37,39,29
2016141N,3,7,17,29,32,49,11
2016140N,8,13,23,30,47,48,7
2016139N,9,15,18,21,24,37,16
2017012N,8,15,25,30,34,40,42
2017011N,13,24,28,29,31,44,10
2017010N,2,5,23,27,36,43,20
2017009N,8,27,28,37,38,49,33
2017008N,1,2,13,23,35,43,18
2017007N,26,27,28,36,42,47,33
2017006N,1,6,22,37,44,48,35
2017005N,18,25,27,30,40,43,6
2017004N,2,7,14,26,38,39,12
2017003N,7,10,14,29,45,46,19
2017002N,5,14,20,21,36,49,39
2017001N,4,11,22,29,37,46,18
2017024N,15,20,24,34,42,44,7
2017023N,4,12,19,20,25,26,8
2017022N,13,15,16,32,34,46,10
2017021N,1,7,13,29,32,44,20
2017020N,5,8,12,17,20,37,45
2017019N,5,8,23,34,41,44,7
2017018N,14,16,21,28,43,46,26
2017017N,7,21,26,30,38,47,15
2017016N,3,12,13,19,24,45,40
2017015N,6,11,22,25,32,33,24
2017014N,7,14,25,28,33,40,26
2017013N,13,14,18,23,29,35,45
2017037N,18,19,21,30,38,48,7
2017036N,2,9,21,35,36,40,44
2017035N,9,10,23,30,38,48,16
2017034N,5,14,17,33,41,47,16
2017033N,8,12,20,25,37,46,2
2017032N,2,13,17,23,30,46,8
2017031N,1,2,11,19,40,48,4
2017030N,2,32,33,35,36,44,48
2017029N,1,4,20,27,32,39,15
2017028N,17,19,25,35,41,44,26
2017027N,2,14,18,19,40,43,42
2017026N,10,18,22,23,29,32,45
2017025N,6,13,31,42,43,45,34
2017049N,5,8,14,22,31,48,33
2017048N,16,17,21,42,48,49,37
2017047N,1,21,22,45,46,49,14
2017046N,1,9,11,23,29,34,6
2017045N,4,10,11,18,29,38,28
2017044N,1,4,5,29,33,44,39
2017043N,4,10,25,26,38,49,34
2017042N,14,17,22,29,30,31,38
2017041N,2,11,14,20,27,30,19
2017040N,4,21,24,39,45,46,40
2017039N,3,9,19,33,40,41,26
2017038N,7,17,20,34,36,44,23
2017062N,14,18,27,32,37,38,1
2017061N,5,7,18,22,33,43,27
2017060N,23,26,27,39,40,48,7
2017059N,7,13,17,23,29,46,49
2017058N,2,3,17,34,38,48,14
2017057N,7,11,20,28,41,49,32
2017056N,1,5,7,9,10,15,3
2017055N,1,7,12,18,27,33,20
2017054N,9,16,22,38,40,46,11
2017053N,6,22,23,31,36,45,12
2017052N,1,3,9,13,34,35,27
2017051N,4,17,21,32,36,46,27
2017050N,1,20,22,27,31,41,2
2017075N,11,16,26,27,29,37,19
2017074N,12,24,30,40,44,48,8
2017073N,3,28,30,32,37,42,11
2017072N,18,20,21,27,31,49,45
2017071N,15,18,20,25,35,45,34
2017070N,9,34,39,42,46,49,32
2017069N,1,2,5,12,18,19,44
2017068N,21,23,27,34,46,49,44
2017067N,1,13,18,23,30,44,42
2017066N,8,11,15,23,24,29,6
2017065N,8,24,26,30,47,49,35
2017064N,11,15,24,25,33,40,42
2017063N,4,18,23,28,36,45,33
2017088N,11,15,25,30,37,43,17
2017087N,3,4,31,37,42,44,40
2017086N,8,9,15,33,37,47,1
2017085N,4,6,27,36,47,49,3
2017084N,5,9,12,25,26,34,21
2017083N,6,14,32,33,40,46,10
2017082N,29,34,35,42,43,48,26
2017081N,4,5,25,27,29,41,18
2017080N,1,11,20,22,43,45,35
2017079N,3,8,11,21,36,48,37
2017078N,2,6,7,8,10,30,28
2017077N,2,5,15,26,27,38,18
2017076N,4,9,27,33,39,42,35
2017102N,12,17,18,25,33,37,29
2017101N,12,24,26,34,44,48,4
2017100N,16,34,35,36,40,46,31
2017099N,4,7,10,21,28,47,17
2017098N,4,23,24,33,40,43,15
2017097N,2,23,32,34,43,45,22
2017096N,5,21,24,29,43,44,42
2017095N,3,4,7,19,20,23,27
2017094N,3,4,15,25,38,45,28
2017093N,18,22,25,32,33,42,29
2017092N,8,10,25,28,33,37,7
2017091N,14,25,32,35,39,48,31
2017090N,6,18,22,24,35,40,36
2017089N,10,25,26,32,36,37,46
2017115N,2,11,19,20,33,49,6
2017114N,7,18,24,26,39,45,44
2017113N,2,10,19,27,31,33,16
2017112N,1,13,22,25,30,36,4
2017111N,1,3,4,5,32,39,10
2017110N,7,11,12,30,34,36,17
2017109N,3,12,16,23,36,47,33
2017108N,25,26,34,41,42,49,1
2017107N,21,23,30,38,44,49,37
2017106N,4,7,18,23,29,39,49
2017105N,10,19,27,29,41,46,17
2017104N,1,2,8,30,39,43,19
2017103N,1,5,11,23,24,27,15
2017127N,21,26,29,35,45,49,41
2017126N,7,16,18,22,26,44,9
2017125N,4,5,20,29,35,38,36
2017124N,1,8,9,16,29,42,49
2017123N,8,16,18,30,43,45,27
2017122N,8,12,19,24,28,49,37
2017121N,2,4,19,30,35,47,25
2017120N,1,6,8,11,12,16,41
2017119N,6,17,22,26,32,45,24
2017118N,3,6,24,38,45,48,5
2017117N,10,16,22,23,26,46,25
2017116N,1,8,19,22,35,46,30
2017140N,4,10,32,35,38,47,49
2017139N,6,8,9,23,36,40,19
2017138N,5,13,16,28,40,41,2
2017137N,3,4,30,37,39,42,32
2017136N,8,27,30,35,36,43,31
2017135N,19,24,26,30,36,41,43
2017134N,3,8,20,34,40,46,24
2017133N,1,15,20,28,33,43,18
2017132N,12,16,22,28,36,37,45
2017131N,3,32,36,46,48,49,29
2017130N,3,18,19,35,38,40,48
2017129N,23,30,32,33,43,44,28
2017128N,5,18,20,32,36,40,7
2017153N,1,13,22,25,36,38,37
2017152N,15,17,23,40,44,46,11
2017151N,2,7,16,28,30,37,12
2017150N,1,16,26,34,39,47,11
2017149N,14,21,22,28,30,47,3
2017148N,3,9,33,38,44,49,24
2017147N,1,3,6,9,24,28,36
2017146N,7,10,20,25,34,35,8
2017145N,4,15,29,34,38,48,30
2017144N,22,24,29,35,38,48,30
2017143N,1,25,34,37,39,47,18
2017142N,7,9,14,18,20,44,29
2017141N,7,14,19,27,28,38,46
2018009N,4,7,11,12,40,49,25
2018008N,8,17,26,33,43,45,40
2018007N,3,14,23,36,40,47,20
2018006N,3,20,27,32,37,41,44
2018005N,2,5,23,24,27,34,8
2018004N,2,21,27,30,36,37,4
2018003N,3,29,31,43,47,49,19
2018002N,1,12,21,31,36,49,23
2018001N,12,18,28,35,39,42,36
2018020N,13,24,28,31,41,43,16
2018019N,17,20,34,38,42,45,5
2018018N,4,12,19,20,30,39,5
2018017N,3,5,25,42,43,44,2
2018016N,1,19,21,32,43,45,34
2018015N,2,9,18,27,32,42,12
2018014N,1,2,9,27,33,45,38
2018013N,13,16,22,28,37,41,34
2018012N,3,19,26,28,35,48,32
2018011N,2,4,12,25,40,49,8
2018010N,20,23,26,29,47,49,39
2018033N,9,13,16,18,19,34,21
2018032N,5,12,24,27,30,47,43
2018031N,12,19,23,28,35,45,6
2018030N,10,18,21,29,33,46,36
2018029N,3,22,27,29,42,45,10
2018028N,4,6,23,33,40,47,30
2018027N,13,16,25,35,38,49,33
2018026N,5,16,20,25,34,42,2
2018025N,7,18,19,26,27,39,2
2018024N,1,6,30,43,44,48,7
2018023N,2,11,17,19,35,37,20
2018022N,6,10,11,23,28,43,21
2018021N,2,14,15,17,18,29,1
2018045N,2,15,17,18,21,44,14
2018044N,8,12,20,33,35,45,42
2018043N,12,20,21,28,33,41,9
2018042N,10,14,28,30,42,44,35
2018041N,20,21,33,40,45,49,43
2018040N,3,8,16,22,28,32,24
2018039N,12,14,15,36,38,40,42
2018038N,1,2,9,11,37,41,18
2018037N,1,15,23,34,43,48,25
2018036N,4,20,23,27,31,43,3
2018035N,19,24,29,39,40,42,30
2018034N,21,29,31,41,46,49,36
2018059N,3,5,28,33,40,49,32
2018058N,3,6,11,22,45,46,1
2018057N,1,12,22,40,42,44,28
2018056N,4,5,7,11,12,13,18
2018055N,7,12,14,22,31,33,38
2018054N,14,23,29,36,37,47,25
2018053N,3,16,23,30,43,46,26
2018052N,5,8,9,19,32,44,39
2018051N,1,6,9,19,21,23,43
2018050N,12,19,25,31,36,49,11
2018049N,3,14,18,28,31,40,38
2018048N,3,24,40,44,45,49,8
2018047N,12,24,30,31,32,34,41
2018046N,1,5,10,20,21,25,43
2018072N,5,6,16,18,30,32,27
2018071N,6,13,23,29,38,45,41
2018070N,7,8,12,17,33,42,26
2018069N,2,9,16,18,24,46,47
2018068N,16,23,24,31,33,34,18
2018067N,2,7,21,31,33,42,24
2018066N,1,7,20,21,35,48,22
2018065N,2,10,24,28,35,39,27
2018064N,30,31,34,40,41,42,33
2018063N,11,23,35,41,46,49,47
2018062N,5,32,34,36,38,43,25
2018061N,6,10,24,34,40,45,9
2018060N,4,15,30,33,38,41,16
2018085N,24,27,36,43,44,46,30
2018084N,5,7,11,26,30,43,17
2018083N,22,32,37,44,46,49,38
2018082N,2,16,17,27,32,37,12
2018081N,13,14,15,37,38,44,40
2018080N,12,16,23,25,40,42,20
2018079N,6,10,32,36,41,48,47
2018078N,7,13,22,27,33,36,45
2018077N,1,5,7,8,30,33,22
2018076N,6,8,29,38,41,49,2
2018075N,8,17,20,26,40,46,19
2018074N,1,13,20,34,38,40,29
2018073N,3,21,22,41,45,49,10
2018098N,4,15,21,23,44,46,13
2018097N,9,18,26,30,36,46,2
2018096N,3,4,19,28,31,48,27
2018095N,12,14,22,30,38,44,34
2018094N,3,10,18,28,40,47,4
2018093N,2,14,24,37,42,47,20
2018092N,9,13,16,27,29,41,37
2018091N,32,37,38,42,43,49,24
2018090N,1,11,25,38,47,49,37
2018089N,8,10,11,20,21,34,13
2018088N,4,21,25,39,46,47,12
2018087N,4,15,23,34,37,48,30
2018086N,3,5,11,34,35,45,28
2018111N,9,31,34,35,37,38,16
2018110N,14,17,30,46,48,49,36
2018109N,5,14,20,22,24,48,4
2018108N,2,13,21,23,32,40,30
2018107N,5,6,17,26,40,41,46
2018106N,9,11,18,23,32,48,26
2018105N,4,6,11,33,37,48,41
2018104N,14,20,22,39,41,48,35
2018103N,31,36,38,45,47,49,37
2018102N,7,9,12,18,41,46,33
2018101N,17,26,30,33,38,49,47
2018100N,4,5,33,36,44,47,13
2018099N,10,13,20,26,35,45,37
2018123N,4,7,10,22,34,42,38
2018122N,1,5,15,39,45,47,43
2018121N,6,13,20,25,27,29,21
2018120N,6,17,20,34,36,44,15
2018119N,10,13,22,25,40,42,5
2018118N,7,11,19,32,45,46,37
2018117N,8,14,21,24,34,43,1
2018116N,7,9,19,29,39,42,41
2018115N,7,9,18,27,44,45,15
2018114N,2,10,35,39,44,49,8
2018113N,13,19,34,35,45,46,27
2018112N,13,18,23,28,33,49,19
2018136N,14,25,31,34,36,43,35
2018135N,7,8,15,27,29,38,39
2018134N,3,8,13,25,30,34,32
2018133N,15,16,18,22,26,48,34
2018132N,4,12,14,17,29,35,38
2018131N,5,9,12,14,42,43,45
2018130N,2,10,29,32,40,41,44
2018129N,8,22,30,34,35,37,29
2018128N,6,24,26,36,44,49,8
2018127N,9,16,22,24,40,47,17
2018126N,1,8,22,23,46,47,12
2018125N,4,19,24,38,39,44,46
2018124N,9,13,15,16,20,32,12
2018149N,6,7,13,33,35,46,43
2018148N,1,4,17,22,23,35,37
2018147N,2,14,16,32,41,47,23
2018146N,7,20,33,46,48,49,4
2018145N,4,7,8,12,13,26,42
2018144N,1,10,11,13,30,33,45
2018143N,5,10,30,33,36,37,22
2018142N,1,15,21,23,24,33,39
2018141N,7,8,10,20,33,42,22
2018140N,20,27,29,40,45,48,43
2018139N,8,20,32,40,44,46,34
2018138N,8,11,14,20,22,31,19
2018137N,2,20,29,32,38,39,47
2019013N,18,22,26,31,33,41,27
2019012N,3,10,14,24,32,45,29
2019011N,14,27,29,41,45,46,21
2019010N,11,18,33,41,43,46,36
2019009N,3,19,25,30,33,48,44
2019008N,13,24,31,34,44,47,8
2019007N,16,18,28,35,36,41,37
2019006N,10,16,17,33,44,48,7
2019005N,10,18,35,37,48,49,27
2019004N,6,7,28,31,36,43,23
2019003N,4,5,12,23,30,40,10
2019002N,12,13,16,19,23,45,2
2019001N,8,23,25,30,32,45,24
2019024N,22,24,25,30,32,43,11
2019023N,9,12,13,19,21,46,15
2019022N,13,14,15,21,33,49,1
2019021N,16,29,36,39,42,49,34
2019020N,2,5,8,13,16,33,41
2019019N,3,7,8,17,19,23,12
2019018N,5,8,16,20,43,46,11
2019017N,9,17,26,31,32,40,27
2019016N,1,19,29,34,39,49,43
2019015N,2,4,11,15,19,29,1
2019014N,5,6,13,19,34,35,39
2019037N,15,17,18,37,39,49,31
2019036N,3,5,17,23,41,44,40
2019035N,2,3,10,21,31,35,11
2019034N,10,11,15,39,46,49,21
2019033N,7,12,22,32,37,45,47
2019032N,4,18,23,38,40,46,15
2019031N,5,9,12,23,31,43,29
2019030N,4,10,25,28,40,43,39
2019029N,6,21,27,33,38,47,46
2019028N,13,32,34,35,41,46,30
2019027N,8,15,17,23,39,44,40
2019026N,10,16,28,32,34,49,45
2019025N,21,24,26,35,44,47,8
2019048N,1,29,32,43,45,49,5
2019047N,2,8,14,21,32,35,4
2019046N,11,13,18,21,28,34,19
2019045N,28,30,32,37,39,47,23
2019044N,11,20,30,32,33,43,34
2019043N,3,15,22,35,40,49,39
2019042N,6,18,32,38,41,45,33
2019041N,3,14,17,23,32,43,36
2019040N,8,21,34,37,41,45,49
2019039N,29,34,38,42,44,47,36
2019038N,6,10,15,21,24,28,49
2019060N,12,15,16,31,36,46,3
2019059N,22,29,37,42,45,49,47
2019058N,12,14,23,30,40,48,1
2019057N,11,13,14,17,33,43,27
2019056N,4,7,21,24,35,41,18
2019055N,1,2,9,16,30,41,35
2019054N,1,4,7,23,37,38,34
2019053N,10,12,14,30,37,41,5
2019052N,3,4,5,24,29,32,2
2019051N,6,12,35,39,42,44,22
2019050N,6,13,19,20,24,35,43
2019049N,1,6,19,23,45,47,49
2019073N,9,13,22,29,31,46,45
2019072N,12,20,33,42,46,47,27
2019071N,23,25,29,32,40,46,13
2019070N,13,29,30,33,43,47,16
2019069N,9,11,15,21,25,33,46
2019068N,18,23,26,29,35,48,36
2019067N,7,8,17,30,42,44,24
2019066N,3,6,21,31,33,38,45
2019065N,8,19,20,21,25,37,13
2019064N,3,8,24,27,28,49,44
2019063N,6,13,21,24,32,47,38
2019062N,16,21,24,28,37,40,48
2019061N,3,13,19,23,35,43,26
2019086N,3,16,19,22,41,44,29
2019085N,4,14,19,24,39,45,8
2019084N,7,10,11,16,18,35,43
2019083N,14,19,25,38,39,42,46
2019082N,26,27,30,33,44,47,37
2019081N,2,4,8,11,17,31,19
2019080N,6,16,22,28,37,45,13
2019079N,12,14,32,35,38,46,16
2019078N,3,6,26,27,32,49,29
2019077N,3,5,20,31,39,42,25
2019076N,7,8,10,11,28,42,29
2019075N,1,2,12,15,24,44,14
2019074N,13,14,15,42,45,48,2
2019100N,1,6,14,24,32,44,5
2019099N,8,24,26,37,38,44,18
2019098N,6,18,29,33,43,46,16
2019097N,1,10,21,31,47,49,13
2019096N,1,4,5,6,42,43,8
2019095N,12,15,16,23,32,35,2
2019094N,4,9,20,26,32,44,11
2019093N,2,13,23,35,38,46,17
2019092N,10,14,16,29,30,43,11
2019091N,15,22,42,44,48,49,6
2019090N,8,9,19,25,30,44,37
2019089N,5,6,15,21,22,37,36
2019088N,23,24,27,28,37,43,16
2019087N,13,18,20,21,43,49,30
2019112N,2,3,7,10,18,48,33
2019111N,2,3,11,20,27,46,4
2019110N,6,17,44,45,46,49,41
2019109N,3,28,39,40,42,44,37
2019108N,8,17,34,39,42,44,7
2019107N,12,20,22,26,30,36,2
2019106N,1,4,7,12,19,28,43
2019105N,5,23,24,25,31,33,7
2019104N,11,12,13,28,43,49,47
2019103N,7,8,12,25,43,45,13
2019102N,3,4,18,29,41,44,39
2019101N,2,8,17,24,27,39,10
2019121N,2,10,13,19,20,24,17
2019120N,1,17,24,30,40,49,48
2019119N,7,10,16,23,27,34,24
2019118N,1,6,11,31,41,47,32
2019117N,1,6,19,22,42,44,25
2019116N,14,18,19,21,45,47,49
2019115N,10,16,27,29,37,42,44
2019114N,13,23,35,36,43,47,16
2019113N,1,12,13,15,19,45,44
2019132N,1,10,18,24,40,49,7
2019131N,22,23,29,36,41,44,2
2019130N,5,9,15,25,42,45,38
2019129N,1,20,28,30,35,46,15
2019128N,3,4,5,10,35,38,7
2019127N,1,4,12,13,24,42,48
2019126N,10,23,28,39,44,47,13
2019125N,2,3,13,18,31,49,14
2019124N,6,17,18,23,31,46,44
2019123N,7,20,30,33,34,44,46
2019122N,13,15,25,30,40,46,26
2019144N,5,10,18,20,28,33,17
2019143N,1,22,25,27,31,36,47
2019142N,5,11,14,23,30,32,20
2019141N,11,22,24,26,41,42,2
2019140N,22,24,28,31,35,39,12
2019139N,3,20,23,30,34,41,47
2019138N,2,4,6,8,28,29,5
2019137N,6,21,32,35,39,49,15
2019136N,5,6,11,12,28,35,17
2019135N,14,25,26,30,32,47,4
2019134N,2,6,8,16,23,31,1
2019133N,1,15,23,29,45,47,6
2020007N,2,11,13,45,46,49,42
2020006N,11,14,21,28,37,44,36
2020005N,18,29,32,33,36,40,38
2020004N,2,20,24,30,32,46,1
2020003N,5,17,35,37,42,49,39
2020002N,1,24,25,27,31,37,8
2020001N,15,17,29,30,34,37,40
2020008N,3,5,30,31,43,48,13
2020010N,9,21,26,27,28,48,45
2020009N,11,24,26,35,42,44,20
2020014N,6,11,33,38,40,43,2
2020013N,1,13,19,24,29,45,26
2020012N,9,26,28,33,38,46,44
2020011N,21,28,33,34,40,47,49
2020021N,5,12,13,23,27,38,39
2020020N,7,12,16,22,45,47,25
2020019N,22,25,30,33,34,43,24
2020018N,13,19,20,21,33,49,45
2020017N,6,15,17,18,28,47,32
2020016N,13,15,25,28,45,49,24
2020015N,11,17,35,36,38,40,6
2020030N,10,11,24,39,41,42,22
2020029N,14,18,24,27,28,41,45
2020028N,11,20,36,37,39,48,21
2020027N,8,11,12,23,34,49,28
2020026N,2,11,13,20,21,33,14
2020025N,1,11,23,29,41,46,44
2020024N,7,32,34,35,48,49,23
2020023N,11,13,19,38,39,41,47
2020022N,24,27,29,31,42,47,22
2021009N,2,10,30,31,35,46,3
2021008N,5,9,16,21,44,49,15
2021007N,15,16,18,21,24,31,22
2021006N,14,21,22,38,40,45,17
2021005N,4,24,39,41,42,45,6
2021004N,5,19,22,26,35,40,2
2021003N,5,19,29,32,33,34,43
2021002N,22,24,30,36,38,46,33
2021001N,3,9,14,21,45,46,34
2021017N,14,17,35,37,39,46,2
2021016N,2,14,18,28,34,44,21
2021015N,4,5,13,14,25,44,16
2021014N,3,13,28,30,31,45,22
2021013N,6,25,31,36,41,47,10
2021012N,1,2,16,20,31,38,7
2021011N,10,16,22,40,44,45,49
2021010N,18,21,24,26,30,35,48
2021024N,24,26,36,37,41,43,31
2021023N,6,12,24,26,30,43,20
2021022N,11,14,16,19,38,41,6
2021021N,3,8,9,14,23,25,35
2021020N,16,17,21,24,43,47,30
2021019N,1,23,32,38,43,46,5
2021018N,6,15,16,21,27,28,43
2021033N,7,9,29,33,36,49,41
2021032N,2,13,15,19,38,41,30
2021031N,15,18,20,23,31,47,12
2021030N,12,32,40,42,48,49,27
2021029N,5,6,17,23,29,38,24
2021028N,7,10,13,14,20,35,49
2021027N,7,9,12,13,14,16,23
2021026N,4,7,8,20,22,41,21
2021025N,1,2,33,34,42,49,39
2021041N,5,12,30,43,44,45,21
2021040N,1,7,19,22,27,49,20
2021039N,8,14,31,37,44,47,38
2021038N,2,9,26,34,35,36,4
2021037N,5,14,28,29,31,37,11
2021036N,15,22,30,31,35,45,6
2021035N,5,8,22,26,40,41,46
2021034N,8,9,10,19,38,45,6
2021052N,10,16,24,39,44,47,28
2021051N,2,7,11,27,37,42,28
2021050N,4,11,14,21,38,48,31
2021049N,1,5,7,24,26,30,8
2021048N,4,15,17,32,38,43,30
2021047N,1,25,31,34,42,48,20
2021046N,3,11,13,22,44,45,4
2021045N,2,3,15,29,41,43,7
2021044N,7,13,21,24,28,30,10
2021043N,2,6,16,22,34,49,45
2021042N,1,6,16,28,33,36,8
2021063N,8,11,19,22,29,44,14
2021062N,11,12,25,27,28,34,46
2021061N,2,3,4,5,8,23,27
2021060N,2,7,15,19,31,49,46
2021059N,1,6,16,30,32,47,12
2021058N,6,19,22,23,28,49,20
2021057N,9,13,21,35,38,48,20
2021056N,25,28,34,37,40,49,33
2021055N,7,9,13,27,39,43,42
2021054N,2,6,15,16,26,34,14
2021053N,7,9,24,29,37,48,17
2021075N,1,12,23,29,45,46,48
2021074N,2,14,15,16,33,45,19
2021073N,5,10,17,30,43,44,40
2021072N,2,5,18,21,42,48,46
2021071N,4,26,28,31,32,33,8
2021070N,11,12,19,38,39,41,6
2021069N,20,21,30,34,36,37,29
2021068N,4,12,14,17,22,32,41
2021067N,13,14,26,34,35,44,12
2021066N,10,17,19,25,36,39,31
2021065N,10,13,15,29,31,39,47
2021064N,1,4,9,21,36,42,3
2021087N,2,3,11,20,24,47,48
2021086N,2,23,31,38,43,45,40
2021085N,15,18,32,43,45,47,12
2021084N,2,4,10,17,38,41,47
2021083N,14,15,25,26,32,45,2
2021082N,1,6,11,20,32,35,22
2021081N,7,8,32,33,39,49,23
2021080N,12,26,31,37,38,44,16
2021079N,7,22,24,31,33,37,39
2021078N,2,7,21,23,27,36,40
2021077N,5,8,29,31,32,36,12
2021076N,10,28,39,45,48,49,15
2021097N,3,14,37,41,42,45,4
2021096N,1,5,17,26,34,48,42
2021095N,9,14,23,28,34,48,36
2021094N,6,9,11,13,15,47,38
2021093N,7,13,15,19,24,37,2
2021092N,3,14,16,23,38,46,2
2021091N,2,6,9,27,43,45,35
2021090N,8,11,19,21,24,47,23
2021089N,19,20,26,29,32,48,38
2021088N,6,12,19,31,47,48,41
2021110N,1,17,22,26,38,44,8
2021109N,2,14,30,41,42,44,22
2021108N,10,28,36,39,47,48,44
2021107N,2,6,11,22,34,38,7
2021106N,18,19,24,38,39,42,41
2021105N,2,16,23,25,29,38,18
2021104N,9,13,25,27,33,36,35
2021103N,1,11,15,21,24,28,8
2021102N,10,13,31,37,40,46,15
2021101N,3,11,15,25,30,45,33
2021100N,13,15,40,41,42,49,21
2021099N,3,22,30,32,40,43,5
2021098N,4,5,24,33,44,49,41
2021123N,20,21,22,29,34,35,7
2021122N,21,25,30,33,36,49,3
2021121N,8,11,20,30,35,40,27
2021120N,3,9,11,17,22,44,23
2021119N,11,12,16,32,43,44,41
2021118N,12,20,21,26,33,42,9
2021117N,5,6,19,43,47,49,39
2021116N,7,24,29,36,41,43,35
2021115N,7,21,34,35,42,48,41
2021114N,4,7,9,13,15,43,1
2021113N,4,13,19,21,35,43,27
2021112N,1,21,24,29,44,46,19
2021111N,3,21,26,36,38,49,9
2022003N,10,18,20,29,32,33,2
2022002N,1,3,10,11,30,42,39
2022001N,2,8,12,14,20,47,36
2022007N,2,9,11,12,16,24,43
2022006N,6,7,22,34,35,46,8
2022005N,6,13,17,28,35,44,5
2022004N,15,18,21,25,39,43,33
2022015N,8,18,21,35,37,38,10
2022014N,15,20,26,28,29,46,12
2022013N,6,28,32,33,40,45,1
2022012N,12,18,22,30,40,49,15
2022011N,3,10,12,28,39,48,17
2022010N,11,20,23,29,38,47,12
2022009N,1,5,23,42,46,49,11
2022008N,12,19,21,22,40,43,46
2022024N,1,7,16,28,31,48,18
2022023N,9,23,30,32,34,40,25
2022022N,8,11,15,19,34,37,25
2022021N,12,23,28,34,39,46,44
2022020N,21,25,30,36,37,47,42
2022019N,8,11,12,20,26,30,28
2022018N,10,20,36,38,43,48,30
2022017N,9,11,12,22,29,42,3
2022016N,4,8,21,40,46,49,34
2022033N,2,13,35,39,43,48,9
2022032N,1,17,25,29,42,46,8
2022031N,5,7,8,17,47,49,34
2022030N,27,30,36,38,45,46,34
2022029N,4,7,29,35,40,46,17
2022028N,1,5,10,22,30,34,42
2022027N,12,14,19,39,41,48,33
2022026N,2,15,41,42,44,46,40
2022025N,3,8,11,15,18,40,41
2022040N,1,13,19,26,29,37,15
2022039N,2,15,20,30,47,48,44
2022038N,9,17,24,27,33,39,48
2022037N,7,16,21,30,34,38,41
2022036N,11,17,24,26,37,41,34
2022035N,9,16,21,35,47,48,36
2022034N,1,27,32,35,38,44,24
2022049N,21,25,34,37,41,46,14
2022048N,8,13,16,21,23,49,44
2022047N,6,14,23,31,38,48,1
2022046N,5,12,21,30,34,38,3
2022045N,19,20,25,29,46,47,35
2022044N,4,13,22,27,43,47,23
2022043N,7,10,28,30,32,36,27
2022042N,9,30,31,32,37,40,25
2022041N,19,21,23,26,37,39,13
2022061N,7,8,9,17,24,25,20
2022060N,12,22,34,35,39,45,7
2022059N,16,19,32,33,42,46,34
2022058N,4,8,9,10,30,42,22
2022057N,8,17,19,28,31,35,46
2022056N,2,8,19,21,24,47,4
2022055N,7,20,31,35,41,47,42
2022054N,6,22,25,33,38,47,10
2022053N,7,12,22,26,43,49,5
2022052N,1,12,25,28,36,46,13
2022051N,13,24,30,35,36,39,29
2022050N,4,8,9,11,42,46,47
2022073N,6,8,18,36,37,44,30
2022072N,2,18,29,30,32,47,46
2022071N,4,6,10,27,29,46,17
2022070N,8,11,31,32,33,36,46
2022069N,4,7,14,18,27,31,48
2022068N,5,17,22,24,34,38,13
2022067N,21,23,29,30,33,49,40
2022066N,2,4,20,38,40,46,11
2022065N,8,14,15,20,41,44,3
2022064N,14,22,35,37,42,46,24
2022063N,2,8,12,19,35,45,33
2022062N,23,24,30,31,45,46,26
2022085N,4,5,12,15,28,29,20
2022084N,27,28,30,34,35,48,11
2022083N,12,15,16,42,44,45,4
2022082N,20,24,27,31,32,49,36
2022081N,7,25,26,39,44,45,46
2022080N,18,21,25,28,38,44,45
2022079N,1,10,14,38,47,48,40
2022078N,1,5,10,25,36,47,23
2022077N,7,11,28,31,43,48,42
2022076N,4,11,21,28,31,47,5
2022075N,7,8,12,13,26,43,3
2022074N,1,7,11,24,27,38,17
2022098N,12,18,22,28,31,40,7
2022097N,14,25,28,29,43,44,10
2022096N,3,12,14,19,25,28,11
2022095N,6,10,11,13,32,46,39
2022094N,6,11,27,39,46,47,15
2022093N,1,9,27,32,33,35,45
2022092N,17,18,32,38,44,49,19
2022091N,5,12,18,19,26,33,46
2022090N,11,12,14,18,29,30,31
2022089N,10,20,27,32,38,46,4
2022088N,7,11,22,23,28,32,29
2022087N,10,13,19,21,27,49,35
2022086N,2,12,14,32,41,46,20
2022111N,1,2,21,33,41,45,4
2022110N,5,13,18,32,39,45,44
2022109N,2,7,11,14,18,39,29
2022108N,16,18,19,33,41,46,37
2022107N,28,36,37,38,41,45,42
2022106N,6,14,15,26,35,40,8
2022105N,5,7,18,26,31,45,30
2022104N,12,38,39,40,45,49,10
2022103N,6,12,20,25,39,49,7
2022102N,17,19,35,39,44,46,21
2022101N,6,11,17,30,44,46,5
2022100N,2,15,31,34,38,41,21
2022099N,14,18,27,32,39,42,43
2023010N,2,12,16,38,45,46,14
2023009N,2,3,23,31,32,43,40
2023008N,17,25,27,29,36,49,23
2023007N,10,15,29,34,38,47,18
2023006N,3,5,16,26,35,38,9
2023005N,6,22,26,27,40,45,13
2023004N,2,21,24,29,35,47,18
2023003N,10,31,33,34,43,49,40
2023002N,5,9,19,34,36,49,23
2023001N,7,20,25,27,35,43,1
2023022N,8,13,29,33,40,42,3
2023021N,14,25,27,28,44,47,4
2023020N,8,16,32,42,47,48,35
2023019N,8,19,29,30,33,41,4
2023018N,4,12,20,28,34,49,43
2023017N,8,9,13,22,38,39,11
2023016N,3,13,19,32,33,39,24
2023015N,13,18,22,29,34,41,23
2023014N,1,9,13,27,29,40,20
2023013N,4,11,13,14,30,37,20
2023012N,14,18,25,29,31,42,6
2023011N,2,8,23,33,34,35,43
2023035N,1,8,12,36,42,47,40
2023034N,9,10,16,41,44,46,39
2023033N,11,15,18,26,31,37,10
2023032N,5,14,17,20,22,32,33
2023031N,8,13,18,30,33,41,20
2023030N,4,7,17,34,42,48,3
2023029N,18,21,28,30,34,40,14
2023028N,1,2,10,12,18,37,43
2023027N,11,12,13,20,35,43,44
2023026N,1,4,7,14,31,37,11
2023025N,4,11,12,26,37,40,7
2023024N,1,9,15,26,42,44,25
2023023N,14,17,19,32,39,46,36
2023047N,7,8,17,19,27,40,2
2023046N,8,12,21,43,44,49,27
2023045N,20,26,38,43,46,47,35
2023044N,2,6,7,9,17,19,26
2023043N,1,20,24,28,38,46,40
2023042N,20,23,27,28,30,46,29
2023041N,10,12,18,20,23,36,6
2023040N,9,14,15,32,36,48,25
2023039N,12,23,29,40,42,43,20
2023038N,1,13,17,18,33,36,22
2023037N,15,19,20,24,36,47,4
2023036N,8,9,12,19,21,40,24
2023060N,3,9,15,30,32,41,26
2023059N,11,20,21,22,27,32,12
2023058N,3,14,18,26,40,43,15
2023057N,4,14,15,37,41,49,38
2023056N,1,19,22,26,46,47,39
2023055N,5,6,12,16,41,47,7
2023054N,2,18,27,31,32,46,44
2023053N,1,4,9,35,37,48,43
2023052N,17,18,28,30,32,33,1
2023051N,7,10,22,25,32,35,27
2023050N,1,5,14,15,21,25,31
2023049N,2,10,28,37,47,49,7
2023048N,4,10,20,32,38,49,7
2023073N,6,10,18,21,22,33,4
2023072N,7,10,16,18,29,45,1
2023071N,1,11,14,16,26,36,39
2023070N,14,15,24,30,37,39,26
2023069N,8,18,31,34,35,47,39
2023068N,18,22,31,35,44,48,6
2023067N,5,13,17,20,33,38,14
2023066N,14,16,22,26,36,42,19
2023065N,14,16,18,22,30,47,11
2023064N,4,22,24,28,45,46,7
2023063N,6,12,34,42,45,48,2
2023062N,2,16,24,25,47,48,40
2023061N,14,30,32,42,45,47,4
2023084N,13,23,26,40,41,43,14
2023083N,13,15,17,18,20,43,39
2023082N,1,2,10,13,29,47,9
2023081N,4,16,18,34,35,46,47
2023080N,15,16,34,36,39,40,42
2023079N,4,9,12,33,37,42,3
2023078N,3,8,11,23,36,38,33
2023077N,7,19,22,27,40,47,13
2023076N,1,11,22,26,38,39,27
2023075N,5,15,20,29,32,37,18
2023074N,3,6,25,29,35,42,36
2023098N,10,15,17,21,40,44,12
2023097N,3,6,7,33,36,46,4
2023096N,16,26,31,35,39,46,3
2023095N,6,18,29,31,44,46,8
2023094N,1,5,7,12,48,49,16
2023093N,8,14,18,20,23,25,44
2023092N,3,9,15,18,21,37,42
2023091N,4,12,17,37,38,39,41
2023090N,3,12,13,17,24,36,16
2023089N,2,3,4,13,18,42,12
2023088N,4,7,18,28,30,40,29
2023087N,2,8,24,39,41,44,40
2023086N,3,14,23,30,33,44,21
2023085N,2,7,25,28,31,35,11
2023110N,6,8,11,26,35,47,1
2023109N,9,12,30,31,45,48,46
2023108N,3,27,28,35,44,46,12
2023107N,1,10,22,28,33,46,37
2023106N,8,9,10,27,35,38,46
2023105N,10,24,34,40,41,45,35
2023104N,17,27,30,31,32,38,11
2023103N,4,10,12,16,30,32,14
2023102N,4,6,19,32,39,42,34
2023101N,20,22,24,25,29,49,36
2023100N,2,5,20,24,27,32,12
2023099N,15,20,25,39,45,48,28
2023122N,4,33,35,36,41,49,1
2023121N,11,16,27,32,33,37,24
2023120N,19,20,29,45,48,49,8
2023119N,6,8,12,31,32,46,4
2023118N,1,13,18,32,34,49,44
2023117N,8,18,24,34,41,42,31
2023116N,1,29,31,42,47,48,40
2023115N,2,13,23,28,30,31,3
2023114N,1,12,22,23,34,39,30
2023113N,4,9,12,36,43,47,26
2023112N,2,11,20,29,41,49,45
2023111N,8,16,32,39,40,43,29
2023135N,7,12,32,34,36,39,5
2023134N,3,14,20,30,38,42,13
2023133N,2,8,12,28,34,47,7
2023132N,11,16,24,27,28,32,48
2023131N,9,11,15,17,19,44,7
2023130N,6,25,29,30,34,35,20
2023129N,3,5,8,16,26,33,24
2023128N,2,15,27,36,37,48,23
2023127N,19,26,32,34,37,44,11
2023126N,1,4,18,25,30,49,15
2023125N,7,16,26,31,47,49,44
2023124N,2,13,16,28,40,44,46
2023123N,3,14,32,37,43,47,26
2023146N,5,8,19,25,41,48,24
2023145N,11,18,27,29,34,45,28
2023144N,2,8,16,19,37,49,20
2023143N,1,10,12,33,46,49,32
2023142N,4,9,13,33,35,46,6
2023141N,3,4,11,37,44,48,36
2023140N,3,10,20,24,27,42,45
2023139N,2,3,4,31,46,49,34
2023138N,27,28,37,38,43,45,40
2023137N,9,16,23,38,39,41,19
2023136N,3,17,30,36,38,45,8
2024012N,8,20,21,29,30,49,32
2024011N,1,8,13,19,34,47,12
2024010N,2,5,15,32,45,49,19
2024009N,2,6,7,14,30,43,15
2024008N,3,25,31,40,43,48,45
2024007N,2,10,17,46,47,49,3
2024006N,1,6,8,27,41,47,29
2024005N,3,17,18,36,38,39,21
2024004N,3,6,8,26,29,38,1
2024003N,3,9,16,19,33,35,39
2024002N,1,4,24,31,33,34,2
2024001N,2,3,19,34,37,46,32
2024023N,5,13,16,36,39,41,38
2024022N,3,11,12,22,24,26,21
2024021N,2,7,24,29,30,36,6
2024020N,22,25,33,34,35,39,5
2024019N,10,26,27,29,30,45,37
2024018N,9,23,26,27,36,41,24
2024017N,10,12,13,24,25,48,15
2024016N,5,7,9,20,22,25,13
2024015N,15,18,19,38,41,49,22
2024014N,3,7,21,32,36,47,23
2024013N,4,12,15,23,24,31,43
2024036N,2,6,18,22,36,39,21
2024035N,2,9,15,20,39,48,43
2024034N,6,11,12,18,24,42,38
2024033N,11,18,24,35,42,46,3
2024032N,6,19,20,34,39,42,44
2024031N,7,8,29,30,36,48,28
2024030N,1,8,13,23,40,44,15
2024029N,6,23,24,31,34,49,1
2024028N,13,16,18,24,32,43,44
2024027N,4,5,8,21,32,42,45
2024026N,5,22,30,31,32,39,44
2024025N,11,24,34,36,39,42,38
2024024N,7,23,31,35,43,46,10
2024049N,11,12,28,35,37,39,30
2024048N,9,18,28,40,47,48,23
2024047N,3,17,25,32,36,38,46
2024046N,5,6,16,27,37,47,24
2024045N,7,8,10,12,17,27,25
2024044N,17,25,26,30,38,48,28
2024043N,12,14,17,18,23,44,27
2024042N,6,10,12,14,17,41,47
2024041N,2,7,9,13,33,35,49
2024040N,13,20,29,30,34,48,3
2024039N,15,16,17,30,34,35,25
2024038N,4,8,12,22,24,26,1
2024037N,16,25,31,42,43,44,7
2024062N,1,24,25,27,30,32,13
2024061N,33,37,38,43,44,46,32
2024060N,7,26,30,37,46,49,25
2024059N,5,9,18,21,36,40,13
2024058N,2,3,4,15,37,40,8
2024057N,8,17,19,27,33,45,37
2024056N,21,32,40,43,44,49,1
2024055N,14,37,38,41,45,49,5
2024054N,3,9,25,30,36,41,19
2024053N,5,14,15,18,23,48,13
2024052N,8,19,27,30,36,42,2
2024051N,1,3,7,21,28,30,45
2024050N,6,18,21,39,42,46,17
2024073N,7,21,29,30,36,46,42
2024072N,2,17,24,30,32,40,16
2024071N,21,30,34,40,48,49,16
2024070N,18,25,28,34,42,49,14
2024069N,14,21,26,27,42,46,45
2024068N,9,16,31,33,38,48,23
2024067N,3,7,13,17,21,49,4
2024066N,1,5,15,19,25,39,46
2024065N,6,9,12,17,19,42,13
2024064N,6,11,19,21,27,43,44
2024063N,6,18,28,33,36,48,11
2024084N,6,7,17,20,21,25,26
2024083N,3,16,18,26,43,45,9
2024082N,12,13,24,25,27,34,4
2024081N,17,18,31,33,39,41,14
2024080N,11,12,18,28,29,30,39
2024079N,11,13,17,34,40,47,21
2024078N,17,21,24,27,29,48,8
2024077N,8,20,29,33,34,44,12
2024076N,18,25,30,35,36,40,44
2024075N,1,2,17,27,34,41,22
2024074N,5,8,15,21,27,37,2
2024098N,2,21,34,36,41,47,31
2024097N,6,7,18,24,28,29,1
2024096N,2,15,23,33,34,39,19
2024095N,9,15,19,28,31,41,42
2024094N,8,9,16,21,32,33,34
2024093N,1,4,16,26,39,49,7
2024092N,6,13,19,21,26,28,9
2024091N,3,16,33,35,39,44,8
2024090N,7,9,20,21,30,35,26
2024089N,8,12,21,35,44,45,2
2024088N,3,6,7,8,11,29,49
2024087N,3,4,7,13,27,41,38
2024086N,5,6,8,22,26,44,40
2024085N,2,9,16,39,43,46,20
2024107N,2,4,29,35,38,49,14
2024106N,9,17,28,31,40,49,25
2024105N,2,3,14,25,27,36,45
2024104N,5,18,21,24,44,47,20
2024103N,5,18,21,24,27,44,10
2024102N,14,18,20,25,32,43,45
2024101N,1,12,16,20,21,30,27
2024100N,5,24,26,32,35,40,16
2024099N,2,3,7,25,46,48,13
2024116N,7,13,16,22,23,31,6
2024115N,5,6,13,15,36,49,23
2024114N,13,21,28,30,41,49,3
2024113N,11,17,22,26,33,46,35
2024112N,19,36,37,43,44,49,8
2024111N,4,8,9,19,20,48,21
2024110N,10,33,35,40,44,48,6
2024109N,10,16,24,32,37,40,19
2024108N,8,15,21,32,43,47,41
2024129N,10,14,23,24,33,41,38
2024128N,9,15,26,32,33,44,1
2024127N,8,11,12,28,29,44,34
2024126N,1,2,7,14,15,25,35
2024125N,1,3,6,14,32,34,12
2024124N,19,32,36,38,39,47,29
2024123N,1,3,7,19,31,38,23
2024122N,8,14,20,28,36,39,30
2024121N,5,13,22,27,45,46,7
2024120N,3,20,24,27,30,42,17
2024119N,11,17,33,36,40,44,2
2024118N,7,11,13,24,27,31,35
2024117N,14,16,25,40,41,45,27
2024140N,1,3,5,18,26,35,14
2024139N,8,11,18,23,25,41,45
2024138N,14,20,21,22,23,30,18
2024137N,1,2,3,36,37,41,10
2024136N,9,11,23,26,30,48,28
2024135N,1,16,18,36,37,46,38
2024134N,10,14,16,21,37,49,22
2024133N,3,18,24,33,43,44,4
2024132N,1,15,18,33,34,39,22
2024131N,5,12,27,29,38,40,22
2024130N,2,13,15,17,22,28,23
202510N,7,14,19,31,36,45,24
20259N,3,6,24,25,34,37,45
20258N,16,22,33,43,48,49,8
20257N,3,4,6,12,18,32,28
20256N,1,3,4,19,38,45,39
20255N,3,5,11,12,18,48,6
20254N,8,15,26,27,30,35,2
20253N,1,19,28,33,35,41,11
20252N,8,13,18,23,31,47,16
20251N,9,23,42,44,45,46,22
202513N,1,4,18,25,38,45,23
202512N,3,13,15,18,19,24,37
202511N,14,18,30,36,40,42,1
